Link Name,Center of Mass X,Center of Mass Y,Center of Mass Z,Center of Mass Roll,Center of Mass Pitch,Center of Mass Yaw,Mass,Moment Ixx,Moment Ixy,Moment Ixz,Moment Iyy,Moment Iyz,Moment Izz,Visual X,Visual Y,Visual Z,Visual Roll,Visual Pitch,Visual Yaw,Mesh Filename,Color Red,Color Green,Color Blue,Color Alpha,Collision X,Collision Y,Collision Z,Collision Roll,Collision Pitch,Collision Yaw,Collision Mesh Filename,Material Name,SW Components,Coordinate System,Axis Name,Joint Name,Joint Type,Joint Origin X,Joint Origin Y,Joint Origin Z,Joint Origin Roll,Joint Origin Pitch,Joint Origin Yaw,Parent,Joint Axis X,Joint Axis Y,Joint Axis Z,Limit Effort,Limit Velocity,Limit Lower,Limit Upper,Calibration rising,Calibration falling,Dynamics Damping,Dynamics Friction,Safety Soft Upper,Safety Soft Lower,Safety K Position,Safety K Velocity
base_link,0.0015516738799712,4.95387812441545E-07,0.057106638003801,0,0,0,7.25380697537914,0.0154826419012204,-1.88093859938462E-18,1.75480480270486E-18,0.0418120079179571,-2.20087976726061E-19,0.0410569043731693,0,0,0,0,0,0,package://quadrobot_byang/meshes/base_link.STL,0.898039215686275,0.917647058823529,0.929411764705882,1,0,0,0,0,0,0,package://quadrobot_byang/meshes/base_link.STL,,身体盖-1;身体侧盖-1;身体盖-2;身体侧盖-2;双电机挂板-1;双电机挂板-2;电池-1;一字连接件-1;铝型材150-1,base_link,,,,0,0,0,0,0,0,,0,0,0,,,,,,,,,,,,
LF_roll_link,-0.0183487527909973,-3.69607898733984E-05,0.000110472133127904,0,0,0,1.35699888834698,0.000950272214656365,-7.73818401705718E-07,2.21028224326925E-06,0.000632569963838474,2.72632388725091E-06,0.000608567220412097,0,0,0,0,0,0,package://quadrobot_byang/meshes/LF_roll_link.STL,0.650980392156863,0.619607843137255,0.588235294117647,1,0,0,0,0,0,0,package://quadrobot_byang/meshes/LF_roll_link.STL,,灵足时代电机-17;轴承配件_短-8;电机扭转连接件2-10;电机扭转连接件1-14;电机扭转连接件1-13,LF_roll_link,A_LF_roll_link,LF_roll_joint,revolute,0.1635,0.062501,0.076409,0,0,0,base_link,-1,0,0,15,25,-3.14,3.14,,,,,,,,
LF_pitch_link,-0.00676434535295402,0.0253303462786025,-0.00400806530848779,0,0,0,3.0386174828575,0.00205392009122482,5.05471883786914E-05,-0.00083019031346694,0.00380631227353969,8.17669004367804E-05,0.00232382333544405,0,0,0,0,0,0,package://quadrobot_byang/meshes/LF_pitch_link.STL,0.650980392156863,0.619607843137255,0.588235294117647,1,0,0,0,0,0,0,package://quadrobot_byang/meshes/LF_pitch_link.STL,,灵足时代电机-19;轴承配件1-6;电机连接件2-4;电机连接件1—替换-3;灵足时代电机-20;大腿外板-6;电机盖板连接柱-44;电机盖板连接柱-43;大腿外板_左-6;连杆-11;电机盖板连接柱-42;零件7-4;电机盖板连接柱-41;电机盖板连接柱-46;电机盖板连接柱-40;电机盖板连接柱-39,LF_pitch_link,A_LF_pitch_link,LF_pitch_joint,revolute,0.060689,0.013964,0.0010276,0,0,0,LF_roll_link,0,0.99841,0.056281,15,25,-3.14,3.14,,,,,,,,
LF_calf_link,0.0825920816668721,-0.00451512945449845,-0.0620465145915691,0,0,0,0.171491028783328,0.000317277776387841,-2.42187153373074E-05,0.000429637295428776,0.000928418164203377,1.77708515108364E-05,0.00061416699574319,0,0,0,0,0,0,package://quadrobot_byang/meshes/LF_calf_link.STL,0.898039215686275,0.917647058823529,0.929411764705882,1,0,0,0,0,0,0,package://quadrobot_byang/meshes/LF_calf_link.STL,,小腿-7;小腿装饰上-6;小腿装饰下-3;小腿-8,LF_calf_link,A_LF_calf_link,LF_calf_joint,revolute,-0.18097,0.10313,-0.15939,0,0,0,LF_pitch_link,0,-0.99841,-0.056281,15,25,-3.14,3.14,,,,,,,,
LF_feet_link,-0.000145039211538397,-5.51028697592937E-06,9.78034142299355E-05,0,0,0,0.0792771775752281,2.44137474323461E-05,2.84413066219421E-08,-5.04748055418483E-07,2.40817447190964E-05,4.23847429836745E-09,2.40068987180101E-05,0,0,0,0,0,0,package://quadrobot_byang/meshes/LF_feet_link.STL,1,1,1,1,0,0,0,0,0,0,package://quadrobot_byang/meshes/LF_feet_link.STL,,足-4,LF_feet_link,A_LF_feet_link,LF_feet_joint,fixed,0.20668,0.00038989,-0.14728,0,0,0,LF_calf_link,0,0,0,,,,,,,,,,,,
RF_roll_link,-0.0183487527909973,-3.69855884621434E-05,0.000110471324879042,0,0,0,1.35699888834698,0.000950272214656364,-7.80001819243562E-07,2.21007539634013E-06,0.000632630572267267,1.82047710901378E-06,0.000608506611983304,0,0,0,0,0,0,package://quadrobot_byang/meshes/RF_roll_link.STL,0.650980392156863,0.619607843137255,0.588235294117647,1,0,0,0,0,0,0,package://quadrobot_byang/meshes/RF_roll_link.STL,,灵足时代电机-16;轴承配件_短-7;电机扭转连接件2-12;电机扭转连接件1-11;电机扭转连接件1-12,RF_roll_link,A_RF_roll_link,RF_roll_joint,revolute,0.1635,-0.062499,0.076409,0,0,0,base_link,-1,0,0,15,25,-3.14,3.14,,,,,,,,
RF_pitch_link,-0.00570148495870638,-0.0249947939893914,-0.00678258648072765,0,0,0,3.03861748351104,0.00226929719336245,5.70947230506852E-06,-0.000833815415379429,0.00381056560433845,2.03918923765296E-05,0.00210419290309447,0,0,0,0,0,0,package://quadrobot_byang/meshes/RF_pitch_link.STL,0.650980392156863,0.619607843137255,0.588235294117647,1,0,0,0,0,0,0,package://quadrobot_byang/meshes/RF_pitch_link.STL,,灵足时代电机-18;轴承配件1-7;电机连接件2-5;电机连接件1—替换-4;灵足时代电机-21;电机盖板连接柱-47;电机盖板连接柱-51;电机盖板连接柱-50;电机盖板连接柱-52;零件7-5;连杆-12;电机盖板连接柱-48;电机盖板连接柱-49;电机盖板连接柱-45;大腿外板-7;大腿外板_左-7,RF_pitch_link,A_RF_pitch_link,RF_pitch_joint,revolute,0.060689,-0.014002,9.3015E-05,0,0,0,RF_roll_link,0,-0.99994,-0.010498,15,25,-3.14,3.14,,,,,,,,
RF_calf_link,0.0840556345513243,0.00862612737935139,-0.0595973870873017,0,0,0,0.171491028783329,0.000296704137421655,-4.43735486838841E-06,0.000422663347114573,0.00092938732334995,3.10388167598945E-06,0.00063377147556281,0,0,0,0,0,0,package://quadrobot_byang/meshes/RF_calf_link.STL,0.898039215686275,0.917647058823529,0.929411764705882,1,0,0,0,0,0,0,package://quadrobot_byang/meshes/RF_calf_link.STL,,小腿-9;小腿装饰上-7;小腿装饰下-4;小腿-10,RF_calf_link,A_RF_calf_link,RF_calf_joint,revolute,-0.15509,-0.092006,-0.19045,0,0,0,RF_pitch_link,0,-0.99994,-0.010498,15,25,-3.14,3.14,,,,,,,,
RF_feet_link,-0.000147359016672538,-9.88453395217581E-07,9.44276820717405E-05,0,0,0,0.0792771775752281,2.44378832225193E-05,5.18651969649215E-09,-4.95120875318702E-07,2.408197289601E-05,1.04970446923496E-09,2.39825347509234E-05,0,0,0,0,0,0,package://quadrobot_byang/meshes/RF_feet_link.STL,1,1,1,1,0,0,0,0,0,0,package://quadrobot_byang/meshes/RF_feet_link.STL,,足-5,RF_feet_link,A_RF_feet_link,RF_feet_joint,fixed,0.21016,0.0093908,-0.14196,0,0,0,RF_calf_link,0,0,0,,,,,,,,,,,,
LR_roll_link,0.0183487527909972,4.6832464948264E-05,-0.000107787447680652,0,0,0,1.35699888834698,0.000950272214656365,-9.96386575494028E-07,2.40040600302354E-06,0.000632243931574424,3.10456834170331E-06,0.000608893252676148,0,0,0,0,0,0,package://quadrobot_byang/meshes/LR_roll_link.STL,0.650980392156863,0.619607843137255,0.588235294117647,1,0,0,0,0,0,0,package://quadrobot_byang/meshes/LR_roll_link.STL,,灵足时代电机-3;轴承配件_短-5;电机扭转连接件2-8;电机扭转连接件1-5;电机扭转连接件1-8,LR_roll_link,A_LR_roll_link,LR_roll_joint,revolute,-0.1635,0.0625,0.076409,0,0,0,base_link,-1,0,0,15,25,-3.14,3.14,,,,,,,,
LR_pitch_link,-0.00636969800270282,0.025362957062064,-0.00448751208482067,0,0,0,3.03861748364214,0.00211199079992098,4.50320550167355E-05,-0.000833499034656109,0.00380602090185652,8.60100111040486E-05,0.00226604399904964,0,0,0,0,0,0,package://quadrobot_byang/meshes/LR_pitch_link.STL,0.650980392156863,0.619607843137255,0.588235294117647,1,0,0,0,0,0,0,package://quadrobot_byang/meshes/LR_pitch_link.STL,,灵足时代电机-7;轴承配件1-4;电机连接件2-2;电机连接件1—替换-1;灵足时代电机-12;大腿外板-4;电机盖板连接柱-13;电机盖板连接柱-9;电机盖板连接柱-12;电机盖板连接柱-30;电机盖板连接柱-8;零件7-2;连杆-8;电机盖板连接柱-29;大腿外板_左-4;电机盖板连接柱-31,LR_pitch_link,A_LR_pitch_link,LR_pitch_joint,revolute,-0.060689,0.013963,0.0010407,0,0,0,LR_roll_link,0,0.99836,0.057221,15,25,-3.14,3.14,,,,,,,,
LR_calf_link,0.0695021352965257,-0.00363020215767429,-0.0764708066202776,0,0,0,0.171491028783328,0.000486870653545465,-2.60084609703941E-05,0.000453780757404347,0.000927829119683884,2.77551934189106E-05,0.000445163163105062,0,0,0,0,0,0,package://quadrobot_byang/meshes/LR_calf_link.STL,0.898039215686275,0.917647058823529,0.929411764705882,1,0,0,0,0,0,0,package://quadrobot_byang/meshes/LR_calf_link.STL,,小腿-4;小腿装饰下-1;小腿-3;小腿装饰上-5,LR_calf_link,A_LR_calf_link,LR_calf_joint,revolute,-0.17233,0.1038,-0.16828,0,0,0,LR_pitch_link,0,-0.99836,-0.057221,15,25,-3.14,3.14,,,,,,,,
LR_feet_link,-0.000124006932325393,-7.06444025791453E-06,0.000123307008655871,0,0,0,0.0792771775752281,2.42123986370441E-05,3.11743940372443E-08,-5.44089146760161E-07,2.40823957034771E-05,-7.19154116495863E-09,2.42075965289314E-05,0,0,0,0,0,0,package://quadrobot_byang/meshes/LR_feet_link.STL,1,1,1,1,0,0,0,0,0,0,package://quadrobot_byang/meshes/LR_feet_link.STL,,足-2,LR_feet_link,A_LR_feet_link,LR_feet_joint,fixed,0.1753,0.0026043,-0.1835,0,0,0,LR_calf_link,0,0,0,,,,,,,,,,,,
RR_roll_link,0.0183487527909971,6.63814241562838E-05,-9.68970490902179E-05,0,0,0,1.35699888834698,0.000950272214656365,-1.39991168138222E-06,2.17052710086433E-06,0.000631430387900971,2.13314460433832E-06,0.0006097067963496,0,0,0,0,0,0,package://quadrobot_byang/meshes/RR_roll_link.STL,0.650980392156863,0.619607843137255,0.588235294117647,1,0,0,0,0,0,0,package://quadrobot_byang/meshes/RR_roll_link.STL,,灵足时代电机-13;轴承配件_短-6;电机扭转连接件2-9;电机扭转连接件1-10;电机扭转连接件1-9,RR_roll_link,A_RR_roll_link,RR_roll_joint,revolute,-0.1635,-0.0625,0.076409,0,0,0,base_link,-1,0,0,15,25,-3.14,3.14,,,,,,,,
RR_pitch_link,-0.00627004626411037,-0.0251764932509748,-0.00553818347548103,0,0,0,3.03861748389958,0.00213802905220129,-1.16917069475818E-05,-0.00083518618117781,0.00381028697915139,-2.86258935866045E-05,0.00223573966953234,0,0,0,0,0,0,package://quadrobot_byang/meshes/RR_pitch_link.STL,0.650980392156863,0.619607843137255,0.588235294117647,1,0,0,0,0,0,0,package://quadrobot_byang/meshes/RR_pitch_link.STL,,灵足时代电机-14;轴承配件1-5;电机连接件2-3;电机连接件1—替换-2;灵足时代电机-15;大腿外板-5;电机盖板连接柱-33;电机盖板连接柱-36;电机盖板连接柱-32;零件7-3;电机盖板连接柱-38;连杆-10;电机盖板连接柱-34;电机盖板连接柱-37;电机盖板连接柱-35;大腿外板_左-5,RR_pitch_link,A_RR_pitch_link,RR_pitch_joint,revolute,-0.060689,-0.013993,0.0005083,0,0,0,RR_roll_link,0,-0.99982,0.019168,15,25,-3.14,3.14,,,,,,,,
RR_calf_link,0.0681465652693831,0.00651583331634159,-0.0774932118266061,0,0,0,0.171491028783329,0.000502914051099072,8.69209386754495E-06,0.000453393671334398,0.000929235515250384,-9.61830879483968E-06,0.000427713369984959,0,0,0,0,0,0,package://quadrobot_byang/meshes/RR_calf_link.STL,0.898039215686275,0.917647058823529,0.929411764705882,1,0,0,0,0,0,0,package://quadrobot_byang/meshes/RR_calf_link.STL,,小腿-5;小腿装饰下-2;小腿-6;小腿装饰上-8,RR_calf_link,A_RR_calf_link,RR_calf_joint,revolute,-0.1698,-0.097364,-0.17458,0,0,0,RR_pitch_link,0,-0.99982,0.019168,15,25,-3.14,3.14,,,,,,,,
RR_feet_link,-0.000121805650752316,2.4119046703186E-06,0.000125657511266475,0,0,0,0.0792771775752282,2.41931448384539E-05,-1.04509231993255E-08,-5.44618621975173E-07,2.40820376619471E-05,2.79224750795691E-09,2.42272083690519E-05,0,0,0,0,0,0,package://quadrobot_byang/meshes/RR_feet_link.STL,1,1,1,1,0,0,0,0,0,0,package://quadrobot_byang/meshes/RR_feet_link.STL,,足-3,RR_feet_link,A_RR_feet_link,RR_feet_joint,fixed,0.172031132401848,0.00452533645183884,-0.18653728247765,0,0,0,RR_calf_link,0,0,0,,,,,,,,,,,,
